user_id,persona,activity_level
1,health,medium
2,random,low
3,gourmet,low
4,gourmet,low
5,gourmet,medium
6,gourmet,medium
7,quick,medium
8,health,medium
9,quick,high
10,gourmet,medium
11,quick,medium
12,health,low
13,health,medium
14,quick,medium
15,random,medium
16,quick,medium
17,random,medium
18,gourmet,medium
19,gourmet,low
20,gourmet,medium
21,health,medium
22,gourmet,medium
23,gourmet,low
24,gourmet,medium
25,random,medium
26,random,low
27,random,low
28,gourmet,high
29,random,low
30,gourmet,low
31,random,low
32,health,medium
33,random,medium
34,health,low
35,gourmet,low
36,quick,medium
37,random,medium
38,gourmet,high
39,gourmet,medium
40,quick,medium
41,gourmet,medium
42,health,medium
43,random,medium
44,health,medium
45,quick,high
46,random,medium
47,gourmet,medium
48,gourmet,medium
49,random,low
50,gourmet,medium
51,random,medium
52,gourmet,medium
53,health,medium
54,health,high
55,gourmet,high
56,gourmet,medium
57,quick,medium
58,health,low
59,gourmet,high
60,quick,high
61,random,low
62,random,medium
63,quick,medium
64,random,high
65,random,low
66,quick,medium
67,quick,medium
68,quick,low
69,quick,low
70,random,high
71,quick,high
72,gourmet,medium
73,random,high
74,health,medium
75,quick,low
76,quick,low
77,quick,low
78,random,medium
79,quick,medium
80,health,medium
81,gourmet,low
82,random,low
83,health,low
84,gourmet,low
85,health,low
86,gourmet,medium
87,random,low
88,random,medium
89,health,medium
90,gourmet,low
91,random,high
92,random,high
93,gourmet,medium
94,health,medium
95,gourmet,high
96,quick,low
97,random,low
98,gourmet,medium
99,quick,medium
100,quick,medium
101,gourmet,medium
102,quick,low
103,gourmet,medium
104,quick,medium
105,gourmet,medium
106,gourmet,low
107,random,low
108,gourmet,low
109,gourmet,low
110,quick,low
111,random,medium
112,quick,medium
113,random,low
114,random,low
115,random,medium
116,health,medium
117,gourmet,low
118,quick,high
119,quick,medium
120,health,low
121,random,low
122,quick,high
123,health,high
124,random,low
125,health,medium
126,health,high
127,health,medium
128,gourmet,high
129,gourmet,medium
130,gourmet,medium
131,random,high
132,gourmet,high
133,health,low
134,gourmet,medium
135,gourmet,medium
136,quick,medium
137,random,medium
138,gourmet,medium
139,quick,low
140,random,medium
141,health,medium
142,random,medium
143,health,high
144,gourmet,low
145,gourmet,medium
146,random,low
147,random,medium
148,health,medium
149,health,medium
150,random,medium
151,gourmet,low
152,gourmet,medium
153,health,high
154,quick,low
155,random,medium
156,random,high
157,health,low
158,quick,medium
159,quick,low
160,health,medium
161,random,high
162,quick,high
163,gourmet,medium
164,random,low
165,gourmet,low
166,quick,medium
167,quick,medium
168,random,low
169,quick,medium
170,random,medium
171,health,low
172,random,medium
173,health,medium
174,quick,medium
175,health,high
176,gourmet,low
177,gourmet,medium
178,gourmet,medium
179,random,low
180,quick,low
181,gourmet,medium
182,health,low
183,health,low
184,quick,medium
185,random,medium
186,quick,low
187,gourmet,medium
188,health,medium
189,gourmet,medium
190,random,medium
191,random,medium
192,gourmet,medium
193,gourmet,medium
194,quick,low
195,health,low
196,random,low
197,quick,medium
198,health,high
199,health,medium
200,health,low
201,quick,high
202,gourmet,high
203,random,medium
204,gourmet,low
205,gourmet,low
206,quick,medium
207,random,medium
208,gourmet,high
209,random,low
210,random,low
211,random,low
212,random,high
213,random,medium
214,health,medium
215,gourmet,medium
216,random,medium
217,health,low
218,quick,medium
219,health,high
220,random,high
221,quick,high
222,gourmet,high
223,quick,high
224,gourmet,medium
225,random,low
226,quick,medium
227,health,medium
228,random,medium
229,health,medium
230,quick,high
231,random,medium
232,random,low
233,gourmet,low
234,random,medium
235,health,high
236,gourmet,medium
237,quick,low
238,random,high
239,gourmet,medium
240,random,medium
241,gourmet,medium
242,gourmet,medium
243,gourmet,high
244,random,medium
245,random,medium
246,quick,medium
247,quick,low
248,quick,medium
249,health,high
250,health,medium
251,quick,low
252,health,medium
253,random,medium
254,gourmet,high
255,gourmet,medium
256,gourmet,high
257,random,medium
258,random,low
259,health,low
260,quick,high
261,random,low
262,random,high
263,random,low
264,random,high
265,random,low
266,health,medium
267,gourmet,low
268,gourmet,medium
269,gourmet,low
270,random,medium
271,gourmet,high
272,random,medium
273,gourmet,medium
274,random,medium
275,health,high
276,random,medium
277,health,low
278,random,low
279,health,low
280,random,medium
281,quick,high
282,gourmet,medium
283,random,low
284,health,medium
285,health,high
286,gourmet,medium
287,gourmet,medium
288,gourmet,high
289,random,high
290,health,high
291,random,high
292,health,high
293,quick,medium
294,health,low
295,quick,medium
296,random,medium
297,quick,medium
298,gourmet,medium
299,health,medium
300,random,high
301,quick,low
302,gourmet,medium
303,random,medium
304,gourmet,medium
305,quick,low
306,quick,medium
307,gourmet,low
308,random,medium
309,random,medium
310,quick,medium
311,gourmet,medium
312,gourmet,medium
313,health,high
314,health,low
315,gourmet,medium
316,random,medium
317,health,medium
318,health,low
319,random,high
320,gourmet,medium
321,gourmet,medium
322,random,high
323,health,medium
324,random,low
325,gourmet,medium
326,gourmet,medium
327,health,high
328,random,medium
329,health,medium
330,health,medium
331,random,high
332,random,low
333,quick,high
334,gourmet,high
335,gourmet,high
336,random,medium
337,gourmet,medium
338,random,high
339,health,high
340,gourmet,medium
341,gourmet,low
342,health,medium
343,gourmet,high
344,quick,medium
345,random,medium
346,gourmet,medium
347,health,medium
348,health,high
349,health,medium
350,quick,low
351,health,medium
352,quick,high
353,gourmet,medium
354,random,low
355,quick,medium
356,quick,medium
357,health,medium
358,gourmet,low
359,quick,medium
360,gourmet,medium
361,random,high
362,quick,low
363,health,low
364,health,medium
365,quick,high
366,quick,low
367,gourmet,medium
368,quick,low
369,quick,medium
370,gourmet,high
371,health,medium
372,random,medium
373,quick,medium
374,quick,high
375,random,high
376,gourmet,medium
377,gourmet,medium
378,health,medium
379,random,low
380,health,medium
381,quick,low
382,gourmet,high
383,gourmet,low
384,health,medium
385,health,medium
386,random,medium
387,quick,high
388,random,high
389,random,low
390,gourmet,low
391,health,medium
392,gourmet,medium
393,gourmet,medium
394,quick,high
395,quick,medium
396,random,high
397,random,low
398,random,high
399,quick,medium
400,random,medium
401,gourmet,medium
402,gourmet,low
403,quick,low
404,health,medium
405,health,high
406,random,low
407,gourmet,medium
408,quick,medium
409,random,medium
410,random,high
411,health,medium
412,gourmet,medium
413,quick,medium
414,gourmet,low
415,random,medium
416,health,high
417,quick,medium
418,gourmet,low
419,health,high
420,gourmet,medium
421,quick,high
422,health,medium
423,random,medium
424,quick,low
425,random,medium
426,gourmet,high
427,gourmet,low
428,random,low
429,random,medium
430,gourmet,low
431,quick,medium
432,random,high
433,health,low
434,gourmet,low
435,random,medium
436,health,low
437,random,high
438,gourmet,medium
439,gourmet,medium
440,quick,medium
441,random,high
442,random,low
443,quick,low
444,gourmet,medium
445,gourmet,low
446,random,high
447,quick,low
448,random,medium
449,quick,medium
450,quick,medium
451,random,medium
452,health,medium
453,health,low
454,health,low
455,gourmet,low
456,gourmet,low
457,random,medium
458,random,high
459,health,low
460,health,medium
461,gourmet,medium
462,health,high
463,random,medium
464,quick,low
465,health,medium
466,random,medium
467,quick,low
468,health,high
469,health,medium
470,quick,medium
471,quick,high
472,gourmet,high
473,quick,medium
474,health,medium
475,health,high
476,quick,low
477,quick,medium
478,gourmet,low
479,health,low
480,gourmet,medium
481,gourmet,low
482,random,medium
483,health,low
484,quick,medium
485,health,medium
486,quick,high
487,gourmet,medium
488,random,high
489,random,medium
490,gourmet,medium
491,gourmet,medium
492,health,medium
493,random,high
494,gourmet,medium
495,health,low
496,health,medium
497,random,medium
498,health,medium
499,gourmet,low
500,quick,low
501,gourmet,medium
502,random,medium
503,quick,medium
504,random,medium
505,quick,medium
506,quick,high
507,quick,low
508,random,medium
509,random,high
510,random,low
511,random,high
512,health,medium
513,quick,medium
514,quick,low
515,health,medium
516,random,high
517,gourmet,medium
518,quick,high
519,quick,high
520,gourmet,low
521,random,high
522,gourmet,low
523,quick,low
524,health,high
525,random,medium
526,gourmet,medium
527,random,low
528,random,high
529,gourmet,low
530,health,high
531,health,medium
532,random,high
533,gourmet,low
534,health,high
535,quick,medium
536,gourmet,low
537,random,low
538,gourmet,medium
539,gourmet,medium
540,gourmet,low
541,random,high
542,gourmet,medium
543,quick,medium
544,quick,medium
545,health,medium
546,health,medium
547,quick,medium
548,random,high
549,health,medium
550,random,low
551,gourmet,low
552,health,low
553,quick,high
554,gourmet,low
555,random,high
556,gourmet,medium
557,quick,low
558,gourmet,high
559,health,medium
560,quick,low
561,gourmet,low
562,health,low
563,gourmet,low
564,gourmet,low
565,random,high
566,health,high
567,gourmet,medium
568,random,medium
569,health,medium
570,quick,medium
571,random,medium
572,random,medium
573,quick,medium
574,random,high
575,quick,medium
576,gourmet,medium
577,gourmet,medium
578,gourmet,medium
579,gourmet,low
580,quick,low
581,health,low
582,health,low
583,gourmet,low
584,random,medium
585,quick,medium
586,health,high
587,health,high
588,health,high
589,gourmet,medium
590,health,medium
591,random,high
592,gourmet,medium
593,gourmet,high
594,health,medium
595,random,medium
596,random,low
597,gourmet,low
598,random,medium
599,random,low
600,random,low
601,gourmet,medium
602,gourmet,medium
603,gourmet,medium
604,gourmet,medium
605,random,high
606,health,medium
607,gourmet,low
608,random,medium
609,gourmet,high
610,random,low
611,random,medium
612,random,medium
613,quick,low
614,quick,medium
615,gourmet,medium
616,random,high
617,quick,low
618,random,medium
619,quick,medium
620,gourmet,medium
621,quick,low
622,gourmet,low
623,random,medium
624,quick,medium
625,gourmet,low
626,random,low
627,random,medium
628,quick,medium
629,quick,medium
630,quick,medium
631,gourmet,high
632,quick,low
633,gourmet,medium
634,health,high
635,gourmet,medium
636,health,low
637,random,medium
638,random,medium
639,gourmet,medium
640,health,high
641,quick,low
642,random,medium
643,quick,medium
644,quick,high
645,random,low
646,random,low
647,quick,low
648,health,medium
649,gourmet,high
650,quick,low
651,health,high
652,gourmet,medium
653,gourmet,medium
654,health,high
655,health,medium
656,quick,high
657,gourmet,medium
658,gourmet,high
659,random,high
660,gourmet,high
661,health,low
662,gourmet,low
663,health,low
664,gourmet,low
665,gourmet,medium
666,gourmet,high
667,random,high
668,random,medium
669,gourmet,high
670,random,high
671,quick,medium
672,random,low
673,quick,medium
674,quick,medium
675,health,medium
676,random,low
677,quick,low
678,random,medium
679,random,medium
680,quick,low
681,random,medium
682,health,medium
683,quick,high
684,gourmet,low
685,health,medium
686,quick,low
687,random,medium
688,quick,high
689,health,medium
690,health,low
691,health,low
692,quick,low
693,quick,medium
694,health,low
695,random,medium
696,quick,medium
697,gourmet,high
698,health,low
699,quick,low
700,gourmet,low
701,gourmet,high
702,random,medium
703,quick,medium
704,quick,low
705,gourmet,low
706,quick,low
707,gourmet,low
708,health,medium
709,health,high
710,health,medium
711,gourmet,high
712,random,low
713,health,medium
714,random,medium
715,quick,high
716,quick,medium
717,random,medium
718,quick,low
719,health,high
720,random,medium
721,random,low
722,quick,medium
723,gourmet,medium
724,quick,medium
725,quick,medium
726,gourmet,medium
727,gourmet,high
728,random,high
729,random,high
730,quick,medium
731,gourmet,medium
732,random,medium
733,quick,low
734,gourmet,high
735,random,medium
736,gourmet,low
737,random,medium
738,health,low
739,gourmet,medium
740,health,medium
741,gourmet,low
742,health,low
743,quick,medium
744,random,medium
745,quick,medium
746,random,low
747,health,medium
748,health,medium
749,quick,medium
750,random,medium
751,health,low
752,random,high
753,random,low
754,gourmet,medium
755,quick,high
756,gourmet,medium
757,quick,medium
758,quick,low
759,random,medium
760,gourmet,medium
761,gourmet,low
762,random,medium
763,gourmet,low
764,health,low
765,health,high
766,gourmet,low
767,gourmet,low
768,quick,low
769,random,medium
770,gourmet,high
771,health,low
772,quick,medium
773,quick,high
774,gourmet,medium
775,health,medium
776,health,high
777,gourmet,medium
778,quick,low
779,health,low
780,random,high
781,random,medium
782,health,medium
783,health,medium
784,random,medium
785,quick,medium
786,health,medium
787,quick,medium
788,health,low
789,quick,high
790,random,medium
791,gourmet,medium
792,gourmet,medium
793,random,medium
794,health,medium
795,gourmet,medium
796,gourmet,medium
797,random,low
798,gourmet,medium
799,random,medium
800,random,medium
801,gourmet,medium
802,health,high
803,health,high
804,health,medium
805,quick,low
806,health,high
807,quick,medium
808,health,medium
809,random,low
810,gourmet,medium
811,random,low
812,gourmet,low
813,gourmet,medium
814,health,medium
815,health,low
816,quick,low
817,random,low
818,health,high
819,health,medium
820,random,medium
821,random,medium
822,quick,medium
823,health,high
824,random,medium
825,random,medium
826,gourmet,low
827,gourmet,low
828,random,high
829,health,medium
830,health,low
831,quick,medium
832,random,high
833,random,low
834,random,medium
835,random,low
836,gourmet,medium
837,health,medium
838,gourmet,medium
839,random,medium
840,gourmet,medium
841,health,medium
842,health,low
843,gourmet,low
844,gourmet,medium
845,health,medium
846,gourmet,low
847,random,medium
848,quick,high
849,gourmet,medium
850,gourmet,medium
851,gourmet,low
852,health,low
853,gourmet,medium
854,health,low
855,health,high
856,quick,low
857,random,medium
858,gourmet,medium
859,quick,medium
860,quick,high
861,random,medium
862,quick,medium
863,health,high
864,health,medium
865,gourmet,medium
866,gourmet,medium
867,health,medium
868,gourmet,high
869,gourmet,medium
870,random,high
871,gourmet,high
872,gourmet,low
873,random,medium
874,health,medium
875,gourmet,medium
876,health,medium
877,quick,high
878,gourmet,medium
879,quick,low
880,random,low
881,gourmet,medium
882,gourmet,high
883,quick,medium
884,gourmet,medium
885,health,medium
886,gourmet,medium
887,random,medium
888,random,medium
889,quick,medium
890,gourmet,high
891,quick,high
892,gourmet,medium
893,health,high
894,gourmet,low
895,health,medium
896,quick,high
897,random,medium
898,quick,high
899,quick,medium
900,random,high
901,random,low
902,quick,high
903,gourmet,low
904,quick,low
905,health,medium
906,random,high
907,gourmet,medium
908,quick,medium
909,random,medium
910,gourmet,medium
911,gourmet,medium
912,quick,low
913,random,high
914,random,low
915,health,medium
916,gourmet,high
917,gourmet,medium
918,quick,low
919,quick,low
920,health,low
921,random,high
922,random,low
923,gourmet,high
924,health,medium
925,gourmet,low
926,random,high
927,random,low
928,health,low
929,quick,low
930,health,medium
931,quick,medium
932,random,medium
933,random,medium
934,gourmet,medium
935,gourmet,high
936,health,high
937,health,medium
938,gourmet,high
939,health,medium
940,quick,medium
941,quick,high
942,health,medium
943,health,low
944,health,low
945,quick,medium
946,random,medium
947,random,low
948,gourmet,medium
949,random,medium
950,quick,low
951,quick,medium
952,gourmet,low
953,random,medium
954,gourmet,low
955,random,medium
956,random,low
957,gourmet,low
958,quick,high
959,gourmet,low
960,quick,low
961,random,medium
962,quick,low
963,random,high
964,health,low
965,quick,high
966,health,high
967,gourmet,low
968,gourmet,low
969,random,low
970,random,low
971,gourmet,medium
972,quick,medium
973,quick,medium
974,health,high
975,quick,high
976,quick,high
977,gourmet,high
978,quick,medium
979,quick,high
980,quick,low
981,health,high
982,gourmet,low
983,health,low
984,gourmet,medium
985,quick,medium
986,health,low
987,health,high
988,health,medium
989,random,medium
990,gourmet,medium
991,gourmet,low
992,quick,medium
993,quick,medium
994,quick,high
995,health,high
996,quick,medium
997,gourmet,medium
998,quick,medium
999,health,low
1000,health,low
1001,gourmet,medium
1002,health,medium
1003,gourmet,low
1004,gourmet,medium
1005,random,high
1006,gourmet,low
1007,health,low
1008,random,low
1009,quick,medium
1010,quick,medium
1011,random,medium
1012,health,medium
1013,random,low
1014,random,medium
1015,quick,low
1016,random,low
1017,gourmet,medium
1018,quick,low
1019,health,high
1020,quick,low
1021,gourmet,low
1022,gourmet,high
1023,gourmet,low
1024,gourmet,medium
1025,quick,low
1026,random,low
1027,random,low
1028,health,high
1029,gourmet,medium
1030,random,low
1031,quick,medium
1032,random,medium
1033,quick,medium
1034,random,high
1035,quick,medium
1036,health,high
1037,gourmet,medium
1038,quick,medium
1039,health,medium
1040,quick,medium
1041,gourmet,medium
1042,gourmet,low
1043,quick,medium
1044,gourmet,medium
1045,gourmet,low
1046,random,medium
1047,quick,medium
1048,gourmet,medium
1049,quick,high
1050,quick,medium
1051,gourmet,low
1052,quick,medium
1053,health,high
1054,gourmet,low
1055,quick,high
1056,quick,medium
1057,gourmet,medium
1058,gourmet,medium
1059,health,high
1060,quick,high
1061,quick,high
1062,health,medium
1063,health,high
1064,health,medium
1065,gourmet,medium
1066,quick,low
1067,health,low
1068,quick,low
1069,quick,medium
1070,quick,medium
1071,quick,low
1072,health,low
1073,gourmet,medium
1074,gourmet,medium
1075,quick,high
1076,gourmet,medium
1077,gourmet,medium
1078,gourmet,high
1079,health,high
1080,quick,low
1081,gourmet,low
1082,random,high
1083,quick,low
1084,random,medium
1085,health,medium
1086,health,medium
1087,health,medium
1088,quick,medium
1089,health,medium
1090,random,low
1091,health,medium
1092,random,low
1093,gourmet,medium
1094,random,high
1095,gourmet,medium
1096,health,low
1097,health,medium
1098,random,medium
1099,health,medium
1100,random,medium
1101,gourmet,medium
1102,quick,low
1103,gourmet,medium
1104,quick,medium
1105,gourmet,medium
1106,random,low
1107,quick,high
1108,health,medium
1109,quick,low
1110,health,medium
1111,health,medium
1112,health,low
1113,health,low
1114,random,medium
1115,random,low
1116,gourmet,medium
1117,gourmet,low
1118,quick,low
1119,random,high
1120,quick,medium
1121,random,medium
1122,random,medium
1123,random,high
1124,health,low
1125,quick,medium
1126,random,high
1127,random,medium
1128,random,medium
1129,quick,medium
1130,health,low
1131,health,low
1132,random,low
1133,random,medium
1134,gourmet,medium
1135,gourmet,medium
1136,random,low
1137,quick,medium
1138,gourmet,high
1139,random,medium
1140,quick,high
1141,random,high
1142,gourmet,high
1143,health,medium
1144,gourmet,high
1145,health,high
1146,health,high
1147,quick,medium
1148,health,high
1149,health,medium
1150,gourmet,medium
1151,health,medium
1152,gourmet,medium
1153,random,medium
1154,gourmet,medium
1155,gourmet,low
1156,gourmet,high
1157,health,high
1158,random,medium
1159,health,low
1160,quick,high
1161,health,medium
1162,random,low
1163,random,high
1164,quick,low
1165,health,high
1166,random,low
1167,health,high
1168,quick,medium
1169,gourmet,high
1170,gourmet,high
1171,random,high
1172,random,medium
1173,random,high
1174,gourmet,medium
1175,health,medium
1176,random,high
1177,random,medium
1178,health,high
1179,random,low
1180,gourmet,low
1181,health,high
1182,gourmet,low
1183,quick,low
1184,quick,high
1185,random,low
1186,quick,low
1187,gourmet,low
1188,quick,high
1189,health,medium
1190,quick,medium
1191,health,low
1192,gourmet,high
1193,gourmet,high
1194,health,medium
1195,health,medium
1196,random,medium
1197,gourmet,medium
1198,gourmet,medium
1199,random,medium
1200,health,medium
1201,quick,high
1202,gourmet,low
1203,quick,medium
1204,gourmet,medium
1205,gourmet,medium
1206,quick,low
1207,gourmet,high
1208,health,low
1209,health,low
1210,health,medium
1211,random,medium
1212,gourmet,medium
1213,quick,medium
1214,quick,medium
1215,health,medium
1216,health,high
1217,health,low
1218,quick,medium
1219,quick,low
1220,health,high
1221,random,high
1222,gourmet,high
1223,health,low
1224,health,medium
1225,random,high
1226,health,low
1227,gourmet,low
1228,random,medium
1229,gourmet,medium
1230,health,medium
1231,quick,medium
1232,quick,medium
1233,health,low
1234,quick,medium
1235,random,medium
1236,health,low
1237,gourmet,low
1238,gourmet,medium
1239,random,medium
1240,health,low
1241,quick,medium
1242,health,high
1243,quick,high
1244,gourmet,medium
1245,health,medium
1246,random,low
1247,random,medium
1248,random,medium
1249,health,high
1250,random,medium
1251,gourmet,low
1252,quick,medium
1253,gourmet,low
1254,gourmet,medium
1255,gourmet,low
1256,gourmet,high
1257,random,low
1258,gourmet,medium
1259,random,medium
1260,health,medium
1261,random,low
1262,health,medium
1263,health,medium
1264,gourmet,medium
1265,random,low
1266,quick,low
1267,gourmet,low
1268,health,medium
1269,gourmet,high
1270,health,low
1271,gourmet,low
1272,quick,low
1273,health,medium
1274,gourmet,low
1275,gourmet,low
1276,quick,medium
1277,quick,medium
1278,quick,low
1279,random,low
1280,quick,low
1281,gourmet,low
1282,health,low
1283,gourmet,medium
1284,random,medium
1285,health,medium
1286,gourmet,medium
1287,gourmet,low
1288,gourmet,medium
1289,gourmet,medium
1290,gourmet,medium
1291,gourmet,high
1292,random,low
1293,gourmet,low
1294,random,medium
1295,random,medium
1296,gourmet,high
1297,random,medium
1298,quick,low
1299,quick,medium
1300,quick,high
1301,health,low
1302,gourmet,low
1303,health,medium
1304,health,low
1305,health,medium
1306,gourmet,medium
1307,health,low
1308,gourmet,low
1309,health,low
1310,health,medium
1311,health,low
1312,quick,medium
1313,gourmet,medium
1314,health,medium
1315,quick,low
1316,health,low
1317,quick,medium
1318,quick,medium
1319,quick,medium
1320,quick,high
1321,quick,low
1322,random,medium
1323,gourmet,medium
1324,quick,low
1325,random,low
1326,health,medium
1327,health,low
1328,gourmet,medium
1329,gourmet,medium
1330,random,low
1331,quick,low
1332,random,low
1333,random,low
1334,random,high
1335,gourmet,low
1336,gourmet,low
1337,random,medium
1338,health,high
1339,gourmet,medium
1340,health,medium
1341,gourmet,high
1342,health,medium
1343,quick,low
1344,random,high
1345,random,medium
1346,health,medium
1347,gourmet,low
1348,random,medium
1349,quick,low
1350,health,low
1351,health,medium
1352,quick,medium
1353,random,medium
1354,gourmet,high
1355,gourmet,medium
1356,quick,medium
1357,gourmet,low
1358,health,low
1359,gourmet,medium
1360,gourmet,medium
1361,health,medium
1362,quick,high
1363,random,medium
1364,quick,medium
1365,health,medium
1366,gourmet,medium
1367,gourmet,medium
1368,quick,high
1369,quick,medium
1370,gourmet,high
1371,health,medium
1372,quick,high
1373,random,low
1374,quick,medium
1375,health,low
1376,quick,high
1377,gourmet,medium
1378,health,low
1379,quick,high
1380,random,low
1381,gourmet,low
1382,random,low
1383,health,medium
1384,health,medium
1385,random,medium
1386,gourmet,medium
1387,quick,high
1388,random,high
1389,health,medium
1390,random,medium
1391,health,medium
1392,quick,high
1393,random,medium
1394,random,low
1395,gourmet,medium
1396,health,high
1397,gourmet,high
1398,random,high
1399,random,high
1400,health,low
1401,random,medium
1402,random,medium
1403,health,low
1404,health,medium
1405,health,high
1406,random,medium
1407,random,medium
1408,health,high
1409,quick,low
1410,random,medium
1411,random,high
1412,gourmet,medium
1413,random,low
1414,random,medium
1415,quick,medium
1416,gourmet,low
1417,quick,low
1418,health,medium
1419,random,low
1420,gourmet,medium
1421,health,medium
1422,random,medium
1423,health,medium
1424,gourmet,medium
1425,quick,medium
1426,health,low
1427,gourmet,high
1428,random,medium
1429,random,high
1430,gourmet,medium
1431,quick,medium
1432,quick,medium
1433,random,high
1434,quick,medium
1435,random,medium
1436,health,low
1437,random,medium
1438,health,medium
1439,random,medium
1440,random,low
1441,quick,medium
1442,health,medium
1443,random,medium
1444,quick,medium
1445,health,medium
1446,random,medium
1447,health,high
1448,health,low
1449,gourmet,low
1450,gourmet,low
1451,health,medium
1452,gourmet,low
1453,health,high
1454,quick,high
1455,health,medium
1456,quick,low
1457,gourmet,high
1458,random,medium
1459,gourmet,medium
1460,gourmet,low
1461,quick,low
1462,quick,high
1463,health,low
1464,gourmet,low
1465,quick,low
1466,random,high
1467,quick,medium
1468,gourmet,medium
1469,health,high
1470,random,medium
1471,random,medium
1472,random,medium
1473,quick,medium
1474,health,low
1475,health,high
1476,health,medium
1477,random,low
1478,gourmet,medium
1479,random,low
1480,gourmet,medium
1481,quick,medium
1482,quick,low
1483,random,low
1484,random,medium
1485,gourmet,medium
1486,health,medium
1487,gourmet,medium
1488,random,medium
1489,gourmet,high
1490,random,high
1491,health,medium
1492,gourmet,low
1493,gourmet,medium
1494,health,medium
1495,health,high
1496,quick,high
1497,gourmet,low
1498,health,low
1499,gourmet,medium
1500,random,medium
1501,quick,medium
1502,gourmet,low
1503,random,low
1504,quick,medium
1505,random,medium
1506,quick,medium
1507,gourmet,high
1508,health,medium
1509,gourmet,medium
1510,gourmet,medium
1511,gourmet,low
1512,quick,medium
1513,quick,medium
1514,quick,low
1515,random,low
1516,health,high
1517,health,medium
1518,gourmet,low
1519,health,low
1520,quick,medium
1521,health,medium
1522,random,medium
1523,quick,medium
1524,gourmet,low
1525,quick,medium
1526,health,medium
1527,random,medium
1528,quick,low
1529,health,medium
1530,health,medium
1531,gourmet,low
1532,gourmet,low
1533,health,low
1534,random,low
1535,health,medium
1536,quick,medium
1537,health,low
1538,health,medium
1539,gourmet,low
1540,gourmet,medium
1541,random,medium
1542,random,medium
1543,gourmet,low
1544,health,high
1545,random,low
1546,quick,medium
1547,random,low
1548,quick,medium
1549,random,medium
1550,gourmet,medium
1551,health,high
1552,health,low
1553,random,medium
1554,quick,medium
1555,random,medium
1556,health,high
1557,random,low
1558,gourmet,high
1559,quick,medium
1560,random,low
1561,quick,medium
1562,gourmet,low
1563,quick,medium
1564,health,low
1565,health,low
1566,random,high
1567,quick,medium
1568,quick,medium
1569,quick,low
1570,random,medium
1571,random,medium
1572,health,low
1573,quick,medium
1574,random,medium
1575,health,low
1576,random,medium
1577,gourmet,low
1578,health,medium
1579,quick,medium
1580,gourmet,low
1581,health,low
1582,random,high
1583,random,medium
1584,random,medium
1585,gourmet,medium
1586,gourmet,low
1587,quick,medium
1588,health,medium
1589,quick,medium
1590,random,high
1591,quick,medium
1592,random,low
1593,gourmet,medium
1594,random,medium
1595,gourmet,high
1596,quick,medium
1597,random,high
1598,random,medium
1599,health,low
1600,gourmet,medium
1601,quick,low
1602,quick,high
1603,quick,low
1604,health,medium
1605,random,low
1606,quick,high
1607,quick,medium
1608,random,high
1609,random,medium
1610,quick,low
1611,quick,low
1612,random,high
1613,gourmet,low
1614,gourmet,medium
1615,health,medium
1616,random,medium
1617,quick,high
1618,gourmet,medium
1619,random,low
1620,quick,medium
1621,gourmet,low
1622,random,medium
1623,health,low
1624,quick,medium
1625,random,low
1626,random,medium
1627,gourmet,medium
1628,gourmet,high
1629,quick,medium
1630,quick,low
1631,gourmet,medium
1632,health,medium
1633,random,medium
1634,random,medium
1635,random,high
1636,quick,low
1637,gourmet,medium
1638,random,low
1639,random,high
1640,quick,low
1641,quick,medium
1642,gourmet,medium
1643,random,high
1644,quick,low
1645,health,medium
1646,random,medium
1647,quick,high
1648,random,high
1649,quick,medium
1650,random,high
1651,health,high
1652,random,low
1653,quick,low
1654,quick,medium
1655,random,high
1656,gourmet,medium
1657,random,medium
1658,quick,high
1659,quick,high
1660,random,medium
1661,random,medium
1662,health,low
1663,random,high
1664,random,medium
1665,random,low
1666,gourmet,low
1667,quick,medium
1668,quick,low
1669,gourmet,medium
1670,random,high
1671,quick,medium
1672,gourmet,low
1673,gourmet,high
1674,random,low
1675,gourmet,medium
1676,quick,medium
1677,random,medium
1678,random,low
1679,gourmet,medium
1680,quick,low
1681,health,high
1682,health,high
1683,quick,medium
1684,gourmet,medium
1685,quick,high
1686,quick,low
1687,quick,medium
1688,quick,low
1689,quick,medium
1690,health,high
1691,random,high
1692,gourmet,medium
1693,quick,medium
1694,health,medium
1695,random,high
1696,gourmet,high
1697,health,low
1698,health,low
1699,random,low
1700,random,high
1701,health,low
1702,random,low
1703,health,medium
1704,health,medium
1705,quick,low
1706,health,medium
1707,health,medium
1708,quick,medium
1709,health,medium
1710,health,high
1711,random,medium
1712,random,medium
1713,health,medium
1714,random,medium
1715,health,low
1716,health,high
1717,quick,medium
1718,health,medium
1719,gourmet,medium
1720,health,medium
1721,gourmet,low
1722,health,medium
1723,random,high
1724,gourmet,medium
1725,gourmet,medium
1726,quick,low
1727,health,medium
1728,quick,low
1729,gourmet,low
1730,random,high
1731,health,medium
1732,health,high
1733,random,medium
1734,health,medium
1735,quick,medium
1736,gourmet,medium
1737,health,low
1738,gourmet,medium
1739,health,medium
1740,random,high
1741,random,medium
1742,gourmet,medium
1743,random,medium
1744,health,high
1745,health,medium
1746,gourmet,medium
1747,quick,low
1748,quick,medium
1749,gourmet,medium
1750,health,medium
1751,random,low
1752,health,high
1753,health,low
1754,health,high
1755,random,low
1756,quick,high
1757,gourmet,low
1758,gourmet,low
1759,random,low
1760,random,medium
1761,health,medium
1762,gourmet,medium
1763,quick,medium
1764,quick,high
1765,quick,medium
1766,health,low
1767,quick,low
1768,gourmet,low
1769,health,low
1770,gourmet,low
1771,health,medium
1772,health,medium
1773,random,low
1774,health,low
1775,random,medium
1776,random,medium
1777,health,medium
1778,health,high
1779,random,medium
1780,health,medium
1781,health,medium
1782,random,low
1783,random,low
1784,health,high
1785,random,low
1786,quick,medium
1787,quick,medium
1788,quick,medium
1789,gourmet,high
1790,quick,medium
1791,health,high
1792,quick,medium
1793,health,high
1794,health,low
1795,gourmet,medium
1796,gourmet,medium
1797,quick,low
1798,quick,medium
1799,health,low
1800,health,medium
1801,gourmet,low
1802,health,medium
1803,random,high
1804,random,low
1805,gourmet,medium
1806,quick,high
1807,quick,low
1808,quick,medium
1809,gourmet,medium
1810,health,medium
1811,random,medium
1812,health,medium
1813,quick,low
1814,quick,medium
1815,quick,low
1816,quick,medium
1817,gourmet,medium
1818,quick,low
1819,health,medium
1820,gourmet,high
1821,health,low
1822,random,high
1823,gourmet,low
1824,quick,low
1825,health,low
1826,gourmet,low
1827,random,high
1828,gourmet,medium
1829,quick,medium
1830,gourmet,medium
1831,random,medium
1832,random,medium
1833,health,low
1834,gourmet,medium
1835,random,medium
1836,quick,low
1837,quick,high
1838,random,high
1839,quick,low
1840,health,medium
1841,quick,high
1842,quick,high
1843,health,medium
1844,quick,high
1845,quick,medium
1846,gourmet,low
1847,quick,low
1848,quick,medium
1849,random,low
1850,health,high
1851,random,medium
1852,gourmet,low
1853,health,high
1854,quick,high
1855,gourmet,medium
1856,health,low
1857,gourmet,high
1858,random,medium
1859,gourmet,low
1860,random,medium
1861,quick,high
1862,quick,high
1863,random,low
1864,health,medium
1865,random,medium
1866,health,high
1867,random,medium
1868,gourmet,low
1869,random,low
1870,gourmet,medium
1871,health,high
1872,gourmet,medium
1873,quick,medium
1874,quick,medium
1875,quick,high
1876,quick,medium
1877,random,low
1878,gourmet,high
1879,health,high
1880,health,low
1881,random,medium
1882,gourmet,medium
1883,quick,medium
1884,quick,low
1885,quick,high
1886,health,medium
1887,random,low
1888,gourmet,high
1889,health,high
1890,random,high
1891,gourmet,low
1892,random,medium
1893,quick,low
1894,gourmet,medium
1895,health,medium
1896,health,low
1897,random,low
1898,random,high
1899,health,medium
1900,quick,medium
1901,gourmet,low
1902,gourmet,medium
1903,random,low
1904,gourmet,medium
1905,quick,medium
1906,random,medium
1907,quick,high
1908,random,low
1909,gourmet,high
1910,quick,low
1911,health,high
1912,quick,medium
1913,quick,medium
1914,quick,high
1915,gourmet,medium
1916,random,low
1917,random,medium
1918,random,medium
1919,gourmet,medium
1920,gourmet,medium
1921,health,low
1922,gourmet,medium
1923,quick,low
1924,health,low
1925,gourmet,low
1926,random,medium
1927,gourmet,low
1928,health,low
1929,quick,high
1930,quick,low
1931,health,medium
1932,gourmet,medium
1933,quick,low
1934,quick,medium
1935,gourmet,medium
1936,quick,high
1937,gourmet,medium
1938,gourmet,low
1939,quick,low
1940,random,medium
1941,gourmet,medium
1942,quick,low
1943,quick,medium
1944,gourmet,medium
1945,quick,medium
1946,gourmet,high
1947,quick,medium
1948,health,medium
1949,health,high
1950,health,medium
1951,random,low
1952,quick,low
1953,gourmet,medium
1954,health,medium
1955,quick,medium
1956,quick,high
1957,gourmet,medium
1958,gourmet,low
1959,gourmet,low
1960,quick,high
1961,gourmet,high
1962,gourmet,medium
1963,quick,high
1964,health,low
1965,gourmet,low
1966,gourmet,medium
1967,quick,medium
1968,gourmet,medium
1969,health,high
1970,quick,high
1971,quick,high
1972,gourmet,medium
1973,random,medium
1974,health,medium
1975,quick,medium
1976,health,medium
1977,quick,low
1978,quick,low
1979,random,medium
1980,health,medium
1981,quick,medium
1982,health,low
1983,quick,medium
1984,gourmet,medium
1985,quick,medium
1986,random,low
1987,health,high
1988,health,low
1989,quick,medium
1990,gourmet,high
1991,gourmet,medium
1992,health,medium
1993,gourmet,high
1994,random,medium
1995,quick,medium
1996,health,medium
1997,gourmet,medium
1998,gourmet,high
1999,gourmet,medium
2000,quick,medium
2001,gourmet,medium
2002,quick,medium
2003,gourmet,high
2004,gourmet,medium
2005,quick,medium
2006,gourmet,high
2007,random,high
2008,health,medium
2009,gourmet,medium
2010,health,low
2011,health,medium
2012,random,high
2013,gourmet,medium
2014,gourmet,medium
2015,quick,medium
2016,health,high
2017,quick,medium
2018,health,medium
2019,health,medium
2020,random,medium
2021,quick,high
2022,quick,medium
2023,random,low
2024,random,medium
2025,quick,low
2026,quick,high
2027,gourmet,medium
2028,gourmet,medium
2029,health,high
2030,random,low
2031,gourmet,medium
2032,random,high
2033,health,medium
2034,gourmet,medium
2035,quick,high
2036,health,medium
2037,health,low
2038,health,medium
2039,gourmet,low
2040,gourmet,medium
2041,quick,medium
2042,health,high
2043,quick,low
2044,health,medium
2045,gourmet,medium
2046,gourmet,high
2047,gourmet,medium
2048,quick,high
2049,health,medium
2050,quick,medium
2051,quick,medium
2052,random,low
2053,random,medium
2054,gourmet,medium
2055,gourmet,medium
2056,health,low
2057,gourmet,high
2058,quick,medium
2059,health,low
2060,random,medium
2061,health,low
2062,health,medium
2063,health,medium
2064,random,high
2065,gourmet,low
2066,gourmet,medium
2067,random,medium
2068,quick,medium
2069,gourmet,medium
2070,health,high
2071,quick,low
2072,gourmet,low
2073,quick,medium
2074,health,low
2075,gourmet,medium
2076,random,medium
2077,gourmet,high
2078,health,medium
2079,gourmet,low
2080,quick,high
2081,gourmet,medium
2082,random,high
2083,random,medium
2084,quick,high
2085,quick,low
2086,random,medium
2087,quick,high
2088,health,high
2089,quick,medium
2090,random,high
2091,random,medium
2092,quick,low
2093,gourmet,medium
2094,health,medium
2095,health,medium
2096,gourmet,medium
2097,random,medium
2098,random,low
2099,random,medium
2100,health,low
2101,random,low
2102,gourmet,medium
2103,gourmet,low
2104,random,medium
2105,health,medium
2106,gourmet,medium
2107,random,medium
2108,quick,medium
2109,quick,medium
2110,random,medium
2111,random,high
2112,random,low
2113,health,medium
2114,quick,high
2115,random,high
2116,gourmet,low
2117,random,low
2118,health,medium
2119,gourmet,high
2120,health,high
2121,random,medium
2122,quick,medium
2123,gourmet,medium
2124,health,low
2125,gourmet,high
2126,random,medium
2127,health,medium
2128,random,low
2129,random,medium
2130,random,medium
2131,health,low
2132,health,low
2133,random,medium
2134,health,low
2135,quick,high
2136,quick,low
2137,gourmet,low
2138,health,low
2139,health,high
2140,gourmet,low
2141,health,low
2142,quick,medium
2143,health,high
2144,quick,low
2145,gourmet,medium
2146,health,high
2147,gourmet,low
2148,quick,high
2149,gourmet,medium
2150,random,low
2151,random,medium
2152,random,low
2153,quick,medium
2154,quick,high
2155,health,medium
2156,random,medium
2157,random,medium
2158,health,high
2159,random,high
2160,random,low
2161,quick,medium
2162,random,low
2163,health,medium
2164,quick,low
2165,gourmet,medium
2166,random,high
2167,random,medium
2168,random,medium
2169,health,high
2170,random,medium
2171,random,high
2172,random,low
2173,health,low
2174,health,medium
2175,random,high
2176,gourmet,medium
2177,quick,low
2178,quick,high
2179,gourmet,medium
2180,quick,low
2181,random,medium
2182,random,medium
2183,gourmet,high
2184,gourmet,low
2185,random,medium
2186,random,medium
2187,gourmet,medium
2188,random,high
2189,health,medium
2190,health,low
2191,random,medium
2192,gourmet,low
2193,random,low
2194,gourmet,high
2195,health,medium
2196,health,medium
2197,health,high
2198,random,medium
2199,health,high
2200,quick,low
2201,random,medium
2202,quick,low
2203,quick,low
2204,health,low
2205,gourmet,medium
2206,random,low
2207,quick,medium
2208,quick,medium
2209,random,medium
2210,quick,low
2211,health,medium
2212,health,medium
2213,gourmet,medium
2214,quick,high
2215,gourmet,medium
2216,quick,medium
2217,random,medium
2218,random,medium
2219,random,medium
2220,health,low
2221,gourmet,medium
2222,quick,low
2223,quick,low
2224,gourmet,high
2225,random,high
2226,gourmet,medium
2227,health,medium
2228,random,medium
2229,random,low
2230,quick,medium
2231,gourmet,medium
2232,gourmet,medium
2233,random,high
2234,random,high
2235,quick,medium
2236,random,high
2237,quick,high
2238,health,medium
2239,health,low
2240,random,high
2241,random,high
2242,random,high
2243,health,medium
2244,gourmet,medium
2245,gourmet,high
2246,random,medium
2247,quick,medium
2248,gourmet,low
2249,gourmet,medium
2250,quick,medium
2251,gourmet,high
2252,health,medium
2253,random,low
2254,random,low
2255,quick,medium
2256,gourmet,low
2257,gourmet,low
2258,quick,high
2259,health,medium
2260,gourmet,high
2261,random,low
2262,gourmet,medium
2263,gourmet,medium
2264,health,medium
2265,gourmet,high
2266,quick,low
2267,gourmet,medium
2268,random,medium
2269,health,low
2270,quick,medium
2271,random,high
2272,quick,high
2273,health,low
2274,gourmet,medium
2275,quick,medium
2276,gourmet,medium
2277,gourmet,high
2278,health,medium
2279,gourmet,medium
2280,random,low
2281,gourmet,medium
2282,health,medium
2283,health,medium
2284,health,medium
2285,random,low
2286,health,high
2287,quick,low
2288,quick,medium
2289,random,low
2290,gourmet,medium
2291,gourmet,medium
2292,health,low
2293,random,low
2294,gourmet,medium
2295,quick,low
2296,random,medium
2297,quick,medium
2298,random,low
2299,random,high
2300,gourmet,medium
2301,quick,high
2302,gourmet,high
2303,gourmet,medium
2304,health,high
2305,quick,high
2306,health,medium
2307,random,high
2308,gourmet,high
2309,random,medium
2310,quick,high
2311,health,medium
2312,gourmet,medium
2313,random,medium
2314,random,low
2315,gourmet,medium
2316,quick,low
2317,gourmet,medium
2318,quick,high
2319,health,low
2320,quick,high
2321,random,high
2322,random,low
2323,gourmet,low
2324,gourmet,medium
2325,health,high
2326,gourmet,medium
2327,health,high
2328,random,low
2329,gourmet,low
2330,gourmet,medium
2331,health,low
2332,health,medium
2333,random,medium
2334,gourmet,low
2335,gourmet,high
2336,gourmet,high
2337,health,medium
2338,quick,high
2339,health,medium
2340,quick,medium
2341,quick,high
2342,random,medium
2343,random,high
2344,health,medium
2345,quick,high
2346,quick,high
2347,random,medium
2348,quick,low
2349,quick,medium
2350,health,medium
2351,gourmet,medium
2352,quick,medium
2353,random,high
2354,quick,medium
2355,quick,medium
2356,health,medium
2357,gourmet,medium
2358,health,low
2359,gourmet,medium
2360,gourmet,medium
2361,random,high
2362,quick,high
2363,gourmet,medium
2364,gourmet,medium
2365,health,medium
2366,random,high
2367,health,medium
2368,health,low
2369,random,medium
2370,quick,high
2371,health,high
2372,gourmet,medium
2373,gourmet,low
2374,random,medium
2375,gourmet,low
2376,health,medium
2377,quick,medium
2378,health,medium
2379,gourmet,medium
2380,health,low
2381,quick,low
2382,random,medium
2383,random,medium
2384,quick,low
2385,health,medium
2386,random,medium
2387,random,medium
2388,health,high
2389,random,low
2390,gourmet,low
2391,quick,low
2392,quick,medium
2393,health,high
2394,random,high
2395,random,medium
2396,health,medium
2397,gourmet,low
2398,health,low
2399,quick,high
2400,random,low
2401,health,low
2402,quick,low
2403,health,medium
2404,health,high
2405,health,low
2406,health,high
2407,health,medium
2408,health,medium
2409,gourmet,low
2410,quick,medium
2411,health,medium
2412,gourmet,medium
2413,health,medium
2414,quick,low
2415,random,medium
2416,gourmet,medium
2417,gourmet,high
2418,random,medium
2419,random,medium
2420,health,medium
2421,random,medium
2422,quick,high
2423,random,medium
2424,health,medium
2425,quick,low
2426,random,medium
2427,health,low
2428,quick,high
2429,gourmet,high
2430,quick,medium
2431,health,high
2432,quick,medium
2433,random,medium
2434,health,high
2435,quick,low
2436,quick,medium
2437,gourmet,high
2438,gourmet,high
2439,random,medium
2440,gourmet,high
2441,quick,low
2442,random,medium
2443,random,medium
2444,health,medium
2445,gourmet,medium
2446,random,medium
2447,quick,high
2448,health,medium
2449,gourmet,low
2450,quick,medium
2451,quick,high
2452,gourmet,medium
2453,gourmet,medium
2454,health,low
2455,gourmet,high
2456,quick,low
2457,random,high
2458,gourmet,medium
2459,health,medium
2460,gourmet,low
2461,random,low
2462,health,high
2463,gourmet,high
2464,health,high
2465,random,high
2466,quick,medium
2467,gourmet,high
2468,gourmet,medium
2469,quick,medium
2470,random,low
2471,gourmet,medium
2472,gourmet,medium
2473,health,high
2474,quick,medium
2475,health,medium
2476,random,high
2477,health,medium
2478,random,low
2479,health,medium
2480,random,medium
2481,health,high
2482,quick,high
2483,gourmet,medium
2484,random,high
2485,random,high
2486,gourmet,medium
2487,quick,medium
2488,random,high
2489,random,medium
2490,random,low
2491,quick,medium
2492,random,medium
2493,health,low
2494,health,medium
2495,quick,medium
2496,gourmet,low
2497,health,medium
2498,health,medium
2499,health,low
2500,gourmet,low
2501,random,medium
2502,random,medium
2503,random,medium
2504,health,medium
2505,gourmet,low
2506,random,medium
2507,gourmet,medium
2508,gourmet,medium
2509,health,high
2510,random,medium
2511,quick,medium
2512,health,medium
2513,gourmet,medium
2514,health,medium
2515,gourmet,medium
2516,quick,medium
2517,quick,low
2518,health,high
2519,random,medium
2520,health,medium
2521,random,medium
2522,health,low
2523,gourmet,high
2524,quick,high
2525,quick,low
2526,quick,high
2527,quick,medium
2528,quick,low
2529,gourmet,medium
2530,health,medium
2531,quick,low
2532,gourmet,medium
2533,gourmet,medium
2534,random,medium
2535,gourmet,medium
2536,health,high
2537,health,high
2538,gourmet,low
2539,gourmet,medium
2540,health,low
2541,health,medium
2542,random,medium
2543,random,medium
2544,quick,medium
2545,quick,low
2546,random,high
2547,quick,medium
2548,gourmet,medium
2549,health,low
2550,health,low
2551,health,medium
2552,health,medium
2553,random,high
2554,gourmet,high
2555,random,low
2556,random,medium
2557,gourmet,high
2558,random,medium
2559,random,high
2560,health,low
2561,quick,low
2562,quick,medium
2563,random,medium
2564,health,medium
2565,health,high
2566,random,medium
2567,random,medium
2568,health,medium
2569,random,medium
2570,gourmet,medium
2571,gourmet,low
2572,random,low
2573,random,medium
2574,gourmet,low
2575,health,medium
2576,gourmet,medium
2577,random,low
2578,random,medium
2579,random,high
2580,quick,low
2581,quick,high
2582,quick,high
2583,random,high
2584,quick,high
2585,health,medium
2586,gourmet,low
2587,gourmet,low
2588,gourmet,high
2589,random,medium
2590,gourmet,high
2591,random,medium
2592,quick,low
2593,quick,medium
2594,quick,medium
2595,quick,low
2596,health,low
2597,quick,low
2598,gourmet,medium
2599,random,medium
2600,gourmet,medium
2601,quick,high
2602,health,medium
2603,quick,low
2604,random,low
2605,health,medium
2606,health,low
2607,quick,medium
2608,health,high
2609,gourmet,low
2610,health,high
2611,gourmet,medium
2612,health,medium
2613,health,high
2614,random,high
2615,gourmet,medium
2616,gourmet,medium
2617,random,medium
2618,random,low
2619,gourmet,low
2620,health,medium
2621,gourmet,low
2622,health,low
2623,health,medium
2624,health,low
2625,gourmet,medium
2626,gourmet,medium
2627,quick,high
2628,gourmet,low
2629,quick,low
2630,quick,low
2631,health,high
2632,gourmet,low
2633,gourmet,medium
2634,health,medium
2635,gourmet,low
2636,random,high
2637,quick,medium
2638,gourmet,medium
2639,gourmet,medium
2640,random,high
2641,gourmet,low
2642,random,low
2643,quick,medium
2644,gourmet,low
2645,gourmet,low
2646,random,high
2647,health,high
2648,random,low
2649,health,medium
2650,gourmet,high
2651,random,high
2652,health,high
2653,random,medium
2654,quick,medium
2655,gourmet,high
2656,health,low
2657,random,low
2658,quick,low
2659,gourmet,high
2660,quick,low
2661,gourmet,high
2662,gourmet,low
2663,gourmet,high
2664,health,low
2665,quick,low
2666,quick,medium
2667,gourmet,medium
2668,health,medium
2669,quick,low
2670,health,low
2671,random,high
2672,random,medium
2673,health,high
2674,health,medium
2675,health,high
2676,health,high
2677,random,medium
2678,random,medium
2679,health,medium
2680,gourmet,high
2681,gourmet,low
2682,random,medium
2683,gourmet,high
2684,gourmet,high
2685,gourmet,medium
2686,health,low
2687,quick,high
2688,health,high
2689,health,high
2690,health,medium
2691,random,medium
2692,random,medium
2693,quick,medium
2694,quick,high
2695,quick,medium
2696,quick,medium
2697,random,low
2698,health,high
2699,gourmet,medium
2700,gourmet,medium
2701,gourmet,medium
2702,quick,medium
2703,gourmet,low
2704,quick,low
2705,gourmet,low
2706,random,medium
2707,health,medium
2708,random,high
2709,health,low
2710,gourmet,medium
2711,quick,high
2712,gourmet,medium
2713,random,medium
2714,health,medium
2715,gourmet,low
2716,quick,low
2717,gourmet,medium
2718,gourmet,medium
2719,gourmet,medium
2720,health,medium
2721,quick,low
2722,health,high
2723,health,medium
2724,gourmet,high
2725,health,low
2726,random,medium
2727,gourmet,medium
2728,random,high
2729,health,medium
2730,health,medium
2731,random,medium
2732,quick,medium
2733,gourmet,high
2734,gourmet,low
2735,health,high
2736,random,medium
2737,random,high
2738,quick,medium
2739,gourmet,low
2740,random,medium
2741,quick,high
2742,health,medium
2743,random,high
2744,quick,low
2745,health,medium
2746,quick,medium
2747,random,low
2748,quick,high
2749,random,medium
2750,quick,medium
2751,random,low
2752,random,high
2753,gourmet,medium
2754,health,low
2755,random,high
2756,health,low
2757,gourmet,high
2758,health,high
2759,random,low
2760,random,low
2761,gourmet,medium
2762,quick,medium
2763,random,medium
2764,gourmet,high
2765,random,medium
2766,health,low
2767,gourmet,medium
2768,quick,medium
2769,gourmet,high
2770,random,high
2771,gourmet,medium
2772,gourmet,low
2773,gourmet,low
2774,gourmet,high
2775,health,low
2776,gourmet,low
2777,health,high
2778,random,high
2779,random,high
2780,health,low
2781,quick,low
2782,gourmet,medium
2783,health,low
2784,gourmet,medium
2785,gourmet,medium
2786,health,medium
2787,quick,medium
2788,quick,high
2789,gourmet,medium
2790,random,medium
2791,health,high
2792,health,medium
2793,health,high
2794,gourmet,medium
2795,health,medium
2796,random,medium
2797,gourmet,low
2798,quick,low
2799,gourmet,medium
2800,health,medium
2801,gourmet,low
2802,health,medium
2803,random,medium
2804,health,medium
2805,quick,high
2806,gourmet,medium
2807,random,medium
2808,quick,low
2809,quick,medium
2810,health,medium
2811,health,medium
2812,quick,medium
2813,quick,medium
2814,random,medium
2815,health,medium
2816,random,low
2817,random,low
2818,random,low
2819,gourmet,medium
2820,random,low
2821,quick,high
2822,health,low
2823,health,medium
2824,random,medium
2825,health,low
2826,quick,low
2827,health,high
2828,random,medium
2829,random,low
2830,gourmet,low
2831,random,low
2832,health,medium
2833,health,medium
2834,random,high
2835,gourmet,medium
2836,gourmet,high
2837,quick,medium
2838,health,medium
2839,gourmet,high
2840,gourmet,medium
2841,quick,low
2842,random,medium
2843,health,medium
2844,health,medium
2845,gourmet,medium
2846,random,low
2847,random,medium
2848,health,high
2849,random,medium
2850,random,medium
2851,gourmet,medium
2852,quick,high
2853,quick,low
2854,gourmet,medium
2855,random,low
2856,random,medium
2857,health,medium
2858,gourmet,medium
2859,random,low
2860,random,medium
2861,health,medium
2862,gourmet,high
2863,quick,medium
2864,health,medium
2865,random,low
2866,health,medium
2867,random,low
2868,random,medium
2869,health,high
2870,random,medium
2871,health,medium
2872,random,high
2873,random,high
2874,health,high
2875,health,medium
2876,random,low
2877,health,high
2878,health,high
2879,quick,high
2880,gourmet,high
2881,quick,medium
2882,health,high
2883,gourmet,low
2884,random,medium
2885,random,medium
2886,random,high
2887,random,low
2888,health,low
2889,gourmet,medium
2890,gourmet,low
2891,random,medium
2892,health,medium
2893,gourmet,medium
2894,quick,low
2895,random,medium
2896,quick,high
2897,gourmet,high
2898,random,low
2899,quick,medium
2900,gourmet,low
2901,quick,low
2902,quick,low
2903,quick,high
2904,gourmet,high
2905,quick,low
2906,health,low
2907,health,medium
2908,random,medium
2909,health,medium
2910,random,low
2911,quick,medium
2912,quick,medium
2913,quick,high
2914,quick,high
2915,gourmet,medium
2916,health,medium
2917,random,medium
2918,gourmet,medium
2919,health,low
2920,gourmet,medium
2921,health,low
2922,quick,medium
2923,health,high
2924,random,low
2925,gourmet,medium
2926,gourmet,high
2927,gourmet,medium
2928,health,high
2929,random,medium
2930,random,high
2931,health,medium
2932,health,high
2933,health,medium
2934,health,medium
2935,quick,medium
2936,quick,low
2937,random,high
2938,quick,low
2939,health,low
2940,gourmet,low
2941,random,medium
2942,gourmet,low
2943,quick,medium
2944,health,low
2945,quick,high
2946,random,low
2947,gourmet,medium
2948,random,medium
2949,quick,low
2950,quick,low
2951,random,medium
2952,gourmet,medium
2953,quick,medium
2954,health,medium
2955,random,high
2956,gourmet,high
2957,gourmet,low
2958,quick,medium
2959,health,low
2960,random,medium
2961,random,high
2962,random,medium
2963,health,high
2964,quick,high
2965,gourmet,medium
2966,gourmet,low
2967,quick,low
2968,quick,medium
2969,quick,medium
2970,health,low
2971,health,low
2972,random,high
2973,gourmet,low
2974,gourmet,medium
2975,random,medium
2976,random,medium
2977,quick,high
2978,gourmet,medium
2979,random,medium
2980,health,medium
2981,health,low
2982,quick,medium
2983,health,medium
2984,quick,high
2985,gourmet,medium
2986,quick,medium
2987,quick,low
2988,health,low
2989,random,medium
2990,quick,medium
2991,quick,medium
2992,random,medium
2993,health,low
2994,random,medium
2995,random,low
2996,health,low
2997,random,low
2998,random,medium
2999,health,medium
3000,random,medium
3001,health,low
3002,gourmet,medium
3003,gourmet,high
3004,gourmet,medium
3005,quick,low
3006,quick,medium
3007,random,low
3008,gourmet,low
3009,quick,high
3010,random,low
3011,health,low
3012,health,medium
3013,gourmet,low
3014,health,high
3015,quick,medium
3016,quick,medium
3017,health,medium
3018,health,high
3019,gourmet,medium
3020,random,high
3021,health,medium
3022,health,high
3023,random,medium
3024,health,low
3025,health,low
3026,quick,medium
3027,gourmet,medium
3028,health,high
3029,gourmet,medium
3030,random,medium
3031,health,high
3032,health,medium
3033,quick,high
3034,health,medium
3035,quick,medium
3036,random,medium
3037,quick,medium
3038,random,medium
3039,health,high
3040,health,high
3041,gourmet,low
3042,health,medium
3043,gourmet,medium
3044,quick,medium
3045,random,high
3046,health,medium
3047,random,high
3048,gourmet,high
3049,gourmet,low
3050,health,low
3051,gourmet,medium
3052,quick,medium
3053,quick,low
3054,random,low
3055,random,medium
3056,health,low
3057,quick,low
3058,quick,medium
3059,health,low
3060,gourmet,medium
3061,random,medium
3062,quick,low
3063,gourmet,low
3064,random,medium
3065,health,high
3066,quick,high
3067,health,high
3068,random,medium
3069,random,low
3070,gourmet,medium
3071,quick,medium
3072,gourmet,low
3073,gourmet,medium
3074,health,medium
3075,health,low
3076,quick,medium
3077,quick,medium
3078,quick,high
3079,random,medium
3080,gourmet,medium
3081,gourmet,low
3082,quick,high
3083,gourmet,medium
3084,health,medium
3085,health,low
3086,gourmet,high
3087,quick,medium
3088,health,medium
3089,quick,medium
3090,random,medium
3091,health,high
3092,quick,medium
3093,quick,low
3094,quick,low
3095,random,medium
3096,random,medium
3097,quick,low
3098,quick,low
3099,quick,medium
3100,random,high
3101,random,medium
3102,quick,medium
3103,gourmet,low
3104,gourmet,medium
3105,quick,low
3106,quick,low
3107,gourmet,medium
3108,health,medium
3109,quick,medium
3110,gourmet,high
3111,health,low
3112,gourmet,medium
3113,health,high
3114,random,medium
3115,gourmet,high
3116,random,low
3117,health,low
3118,quick,medium
3119,health,medium
3120,random,high
3121,quick,medium
3122,quick,medium
3123,quick,low
3124,health,medium
3125,random,medium
3126,random,low
3127,health,medium
3128,random,medium
3129,health,low
3130,gourmet,high
3131,health,low
3132,random,medium
3133,health,high
3134,random,low
3135,quick,low
3136,health,low
3137,health,medium
3138,quick,medium
3139,random,medium
3140,health,medium
3141,quick,low
3142,gourmet,low
3143,health,medium
3144,random,medium
3145,random,high
3146,random,low
3147,random,medium
3148,quick,medium
3149,quick,low
3150,health,low
3151,random,low
3152,random,medium
3153,random,low
3154,random,medium
3155,gourmet,high
3156,gourmet,medium
3157,health,medium
3158,gourmet,high
3159,health,medium
3160,quick,medium
3161,quick,medium
3162,random,high
3163,health,high
3164,health,low
3165,quick,medium
3166,quick,medium
3167,random,low
3168,gourmet,high
3169,quick,low
3170,random,low
3171,gourmet,low
3172,health,medium
3173,gourmet,medium
3174,random,low
3175,random,medium
3176,health,low
3177,quick,low
3178,gourmet,low
3179,random,high
3180,quick,low
3181,quick,medium
3182,random,low
3183,quick,medium
3184,random,high
3185,health,medium
3186,gourmet,medium
3187,gourmet,medium
3188,gourmet,low
3189,health,medium
3190,quick,high
3191,health,high
3192,quick,medium
3193,quick,medium
3194,gourmet,high
3195,gourmet,high
3196,random,medium
3197,random,low
3198,gourmet,high
3199,random,low
3200,random,medium
3201,gourmet,high
3202,gourmet,low
3203,quick,high
3204,quick,high
3205,random,high
3206,random,low
3207,health,high
3208,random,medium
3209,quick,medium
3210,health,high
3211,gourmet,medium
3212,quick,low
3213,health,medium
3214,random,low
3215,gourmet,low
3216,random,low
3217,gourmet,medium
3218,quick,low
3219,quick,medium
3220,quick,low
3221,random,medium
3222,gourmet,low
3223,health,high
3224,random,medium
3225,gourmet,medium
3226,gourmet,high
3227,health,medium
3228,health,low
3229,gourmet,medium
3230,random,high
3231,gourmet,high
3232,gourmet,low
3233,health,medium
3234,quick,low
3235,health,high
3236,random,low
3237,health,medium
3238,random,low
3239,health,medium
3240,quick,low
3241,gourmet,low
3242,gourmet,medium
3243,health,low
3244,health,medium
3245,health,medium
3246,random,medium
3247,quick,medium
3248,health,medium
3249,health,high
3250,random,medium
3251,quick,high
3252,random,medium
3253,quick,medium
3254,quick,medium
3255,quick,medium
3256,quick,medium
3257,quick,medium
3258,random,medium
3259,quick,medium
3260,health,medium
3261,random,low
3262,gourmet,low
3263,quick,medium
3264,health,medium
3265,random,medium
3266,gourmet,low
3267,random,medium
3268,health,medium
3269,gourmet,low
3270,random,high
3271,gourmet,medium
3272,quick,medium
3273,random,medium
3274,quick,medium
3275,random,low
3276,health,medium
3277,random,high
3278,gourmet,medium
3279,quick,medium
3280,health,medium
3281,random,high
3282,health,low
3283,quick,medium
3284,health,high
3285,health,low
3286,health,medium
3287,gourmet,low
3288,gourmet,low
3289,quick,medium
3290,quick,high
3291,health,high
3292,health,medium
3293,gourmet,medium
3294,quick,medium
3295,quick,medium
3296,quick,high
3297,random,high
3298,health,low
3299,gourmet,medium
3300,random,medium
3301,health,low
3302,random,high
3303,gourmet,low
3304,gourmet,medium
3305,random,low
3306,gourmet,high
3307,random,medium
3308,random,medium
3309,gourmet,high
3310,quick,medium
3311,quick,medium
3312,quick,low
3313,health,low
3314,quick,high
3315,quick,medium
3316,random,medium
3317,quick,medium
3318,gourmet,low
3319,random,high
3320,random,medium
3321,gourmet,medium
3322,quick,medium
3323,health,medium
3324,health,low
3325,quick,medium
3326,random,low
3327,gourmet,medium
3328,random,low
3329,health,high
3330,gourmet,low
3331,quick,low
3332,gourmet,high
3333,random,medium
3334,health,low
3335,health,medium
3336,gourmet,low
3337,health,medium
3338,gourmet,medium
3339,health,medium
3340,quick,low
3341,random,medium
3342,health,medium
3343,gourmet,high
3344,gourmet,low
3345,gourmet,high
3346,quick,high
3347,random,medium
3348,health,medium
3349,health,high
3350,random,low
3351,gourmet,high
3352,gourmet,low
3353,gourmet,medium
3354,gourmet,low
3355,health,medium
3356,gourmet,medium
3357,random,medium
3358,quick,high
3359,gourmet,medium
3360,gourmet,medium
3361,quick,high
3362,gourmet,low
3363,quick,medium
3364,quick,low
3365,random,medium
3366,health,medium
3367,quick,medium
3368,quick,medium
3369,gourmet,medium
3370,quick,low
3371,gourmet,high
3372,random,medium
3373,health,low
3374,gourmet,medium
3375,random,medium
3376,random,high
3377,random,high
3378,gourmet,medium
3379,random,medium
3380,health,medium
3381,gourmet,low
3382,gourmet,medium
3383,health,high
3384,health,low
3385,gourmet,medium
3386,random,medium
3387,quick,medium
3388,health,medium
3389,gourmet,high
3390,quick,low
3391,health,high
3392,gourmet,high
3393,quick,medium
3394,random,low
3395,quick,low
3396,random,medium
3397,quick,medium
3398,gourmet,medium
3399,random,low
3400,random,low
3401,random,low
3402,gourmet,medium
3403,random,high
3404,health,medium
3405,random,medium
3406,quick,medium
3407,health,medium
3408,health,medium
3409,quick,medium
3410,quick,high
3411,health,medium
3412,quick,medium
3413,random,low
3414,random,low
3415,quick,low
3416,quick,medium
3417,gourmet,medium
3418,random,low
3419,random,low
3420,random,low
3421,quick,medium
3422,gourmet,medium
3423,quick,medium
3424,gourmet,medium
3425,health,low
3426,health,medium
3427,gourmet,low
3428,health,medium
3429,quick,low
3430,random,medium
3431,quick,low
3432,health,low
3433,quick,medium
3434,quick,medium
3435,health,medium
3436,quick,high
3437,gourmet,medium
3438,quick,high
3439,health,low
3440,quick,low
3441,quick,low
3442,health,medium
3443,quick,medium
3444,random,medium
3445,quick,high
3446,gourmet,low
3447,health,medium
3448,random,low
3449,health,medium
3450,health,low
3451,health,medium
3452,random,medium
3453,health,high
3454,gourmet,medium
3455,random,high
3456,quick,low
3457,gourmet,low
3458,health,medium
3459,random,low
3460,gourmet,medium
3461,gourmet,medium
3462,gourmet,medium
3463,health,medium
3464,quick,medium
3465,health,low
3466,random,low
3467,quick,low
3468,health,medium
3469,gourmet,high
3470,quick,low
3471,quick,medium
3472,health,high
3473,quick,high
3474,random,high
3475,health,medium
3476,health,low
3477,gourmet,low
3478,random,low
3479,health,medium
3480,random,low
3481,random,medium
3482,health,high
3483,random,medium
3484,random,low
3485,quick,medium
3486,quick,high
3487,random,medium
3488,health,high
3489,gourmet,medium
3490,quick,high
3491,quick,high
3492,random,high
3493,quick,low
3494,health,high
3495,health,medium
3496,quick,medium
3497,random,medium
3498,quick,medium
3499,gourmet,high
3500,random,high
3501,quick,low
3502,gourmet,medium
3503,quick,medium
3504,random,low
3505,random,medium
3506,gourmet,medium
3507,random,low
3508,gourmet,medium
3509,gourmet,high
3510,gourmet,low
3511,gourmet,high
3512,quick,medium
3513,quick,high
3514,random,high
3515,random,low
3516,health,medium
3517,random,medium
3518,health,medium
3519,quick,medium
3520,health,medium
3521,health,high
3522,quick,medium
3523,quick,low
3524,quick,medium
3525,health,low
3526,gourmet,high
3527,health,high
3528,random,medium
3529,quick,high
3530,random,high
3531,gourmet,low
3532,quick,low
3533,health,high
3534,quick,medium
3535,gourmet,medium
3536,gourmet,low
3537,random,medium
3538,random,medium
3539,random,low
3540,random,medium
3541,gourmet,medium
3542,random,medium
3543,health,medium
3544,health,low
3545,gourmet,low
3546,gourmet,low
3547,gourmet,low
3548,quick,high
3549,quick,high
3550,gourmet,low
3551,random,high
3552,quick,medium
3553,random,medium
3554,gourmet,high
3555,random,high
3556,quick,low
3557,random,medium
3558,random,high
3559,quick,medium
3560,health,medium
3561,quick,medium
3562,health,medium
3563,quick,medium
3564,quick,medium
3565,health,medium
3566,quick,medium
3567,quick,medium
3568,quick,low
3569,health,medium
3570,gourmet,medium
3571,quick,medium
3572,gourmet,high
3573,random,medium
3574,gourmet,medium
3575,random,low
3576,health,low
3577,gourmet,low
3578,health,high
3579,quick,high
3580,quick,medium
3581,health,medium
3582,random,high
3583,gourmet,medium
3584,health,medium
3585,health,medium
3586,quick,low
3587,health,medium
3588,health,medium
3589,random,low
3590,gourmet,medium
3591,health,medium
3592,health,low
3593,gourmet,medium
3594,health,medium
3595,health,high
3596,gourmet,medium
3597,gourmet,medium
3598,quick,medium
3599,quick,medium
3600,health,high
3601,random,low
3602,random,medium
3603,gourmet,medium
3604,health,medium
3605,quick,low
3606,health,medium
3607,gourmet,high
3608,gourmet,medium
3609,quick,low
3610,quick,high
3611,health,medium
3612,random,low
3613,random,medium
3614,random,medium
3615,quick,high
3616,random,high
3617,health,medium
3618,quick,high
3619,health,low
3620,quick,low
3621,random,medium
3622,random,medium
3623,quick,high
3624,quick,medium
3625,quick,high
3626,gourmet,high
3627,health,low
3628,gourmet,medium
3629,health,low
3630,random,medium
3631,gourmet,medium
3632,health,low
3633,gourmet,medium
3634,health,low
3635,gourmet,low
3636,gourmet,high
3637,quick,high
3638,health,medium
3639,health,medium
3640,gourmet,medium
3641,random,low
3642,quick,medium
3643,quick,medium
3644,quick,medium
3645,health,low
3646,quick,high
3647,random,medium
3648,quick,high
3649,health,high
3650,gourmet,medium
3651,quick,high
3652,gourmet,high
3653,random,high
3654,quick,low
3655,gourmet,low
3656,gourmet,low
3657,random,medium
3658,health,medium
3659,quick,medium
3660,quick,high
3661,health,low
3662,random,medium
3663,quick,medium
3664,gourmet,low
3665,gourmet,high
3666,random,medium
3667,random,low
3668,health,low
3669,health,medium
3670,health,low
3671,quick,medium
3672,quick,medium
3673,quick,medium
3674,gourmet,medium
3675,gourmet,high
3676,gourmet,low
3677,random,high
3678,gourmet,low
3679,quick,medium
3680,health,medium
3681,health,high
3682,random,low
3683,health,medium
3684,gourmet,high
3685,quick,low
3686,random,medium
3687,gourmet,low
3688,quick,low
3689,health,low
3690,random,medium
3691,gourmet,medium
3692,health,high
3693,health,medium
3694,random,medium
3695,quick,low
3696,gourmet,low
3697,gourmet,medium
3698,quick,medium
3699,gourmet,medium
3700,random,medium
3701,gourmet,high
3702,health,medium
3703,health,medium
3704,random,low
3705,quick,high
3706,quick,high
3707,health,medium
3708,gourmet,medium
3709,random,medium
3710,gourmet,medium
3711,random,low
3712,quick,high
3713,gourmet,medium
3714,quick,medium
3715,random,high
3716,quick,high
3717,health,low
3718,random,low
3719,health,medium
3720,quick,medium
3721,health,low
3722,gourmet,medium
3723,gourmet,medium
3724,health,medium
3725,quick,low
3726,health,high
3727,random,medium
3728,gourmet,medium
3729,random,medium
3730,random,high
3731,quick,medium
3732,quick,low
3733,quick,medium
3734,random,high
3735,gourmet,medium
3736,gourmet,low
3737,health,medium
3738,random,medium
3739,health,medium
3740,health,medium
3741,health,medium
3742,random,medium
3743,gourmet,high
3744,health,high
3745,health,medium
3746,health,medium
3747,quick,medium
3748,quick,medium
3749,random,low
3750,gourmet,low
3751,random,low
3752,quick,medium
3753,random,medium
3754,health,medium
3755,gourmet,medium
3756,random,medium
3757,health,medium
3758,quick,high
3759,health,medium
3760,health,low
3761,health,low
3762,gourmet,medium
3763,health,high
3764,quick,medium
3765,gourmet,medium
3766,gourmet,medium
3767,gourmet,high
3768,health,low
3769,gourmet,medium
3770,quick,high
3771,random,medium
3772,random,low
3773,quick,medium
3774,quick,low
3775,health,medium
3776,gourmet,low
3777,random,medium
3778,health,low
3779,gourmet,low
3780,random,medium
3781,gourmet,medium
3782,random,medium
3783,quick,medium
3784,gourmet,high
3785,random,medium
3786,quick,medium
3787,health,medium
3788,random,low
3789,gourmet,medium
3790,health,high
3791,health,medium
3792,gourmet,medium
3793,health,medium
3794,gourmet,low
3795,quick,medium
3796,random,low
3797,health,medium
3798,quick,medium
3799,random,medium
3800,random,medium
3801,gourmet,low
3802,quick,medium
3803,random,medium
3804,gourmet,medium
3805,random,medium
3806,gourmet,medium
3807,quick,medium
3808,random,low
3809,gourmet,medium
3810,health,medium
3811,random,high
3812,random,medium
3813,quick,medium
3814,quick,low
3815,gourmet,medium
3816,gourmet,low
3817,quick,high
3818,random,medium
3819,random,medium
3820,gourmet,high
3821,health,low
3822,random,high
3823,gourmet,medium
3824,random,medium
3825,gourmet,low
3826,health,high
3827,gourmet,low
3828,random,medium
3829,quick,medium
3830,random,medium
3831,quick,low
3832,health,high
3833,random,medium
3834,health,medium
3835,health,high
3836,gourmet,low
3837,gourmet,low
3838,quick,low
3839,health,low
3840,quick,high
3841,random,low
3842,random,low
3843,gourmet,medium
3844,quick,low
3845,random,low
3846,quick,medium
3847,random,medium
3848,quick,high
3849,quick,low
3850,random,medium
3851,gourmet,high
3852,random,low
3853,health,low
3854,gourmet,low
3855,quick,medium
3856,health,medium
3857,health,low
3858,quick,low
3859,gourmet,high
3860,random,medium
3861,random,medium
3862,gourmet,low
3863,gourmet,low
3864,gourmet,medium
3865,quick,medium
3866,quick,medium
3867,health,medium
3868,random,medium
3869,health,high
3870,health,medium
3871,health,low
3872,health,medium
3873,gourmet,medium
3874,random,high
3875,quick,low
3876,random,low
3877,random,medium
3878,gourmet,low
3879,gourmet,low
3880,quick,medium
3881,gourmet,high
3882,health,high
3883,quick,high
3884,gourmet,medium
3885,gourmet,high
3886,random,low
3887,health,medium
3888,random,medium
3889,random,high
3890,random,low
3891,random,medium
3892,quick,medium
3893,health,medium
3894,quick,medium
3895,gourmet,medium
3896,gourmet,medium
3897,gourmet,low
3898,quick,high
3899,random,medium
3900,gourmet,low
3901,health,high
3902,quick,high
3903,gourmet,low
3904,quick,low
3905,gourmet,low
3906,gourmet,low
3907,random,low
3908,random,high
3909,health,medium
3910,gourmet,medium
3911,random,low
3912,gourmet,high
3913,health,medium
3914,quick,medium
3915,random,high
3916,random,low
3917,quick,medium
3918,gourmet,medium
3919,random,medium
3920,health,medium
3921,gourmet,low
3922,health,medium
3923,quick,medium
3924,quick,medium
3925,health,high
3926,random,high
3927,random,high
3928,health,medium
3929,random,high
3930,gourmet,medium
3931,gourmet,low
3932,health,medium
3933,quick,medium
3934,health,low
3935,gourmet,low
3936,random,medium
3937,quick,medium
3938,health,low
3939,gourmet,high
3940,gourmet,low
3941,quick,medium
3942,random,medium
3943,random,high
3944,health,medium
3945,quick,medium
3946,quick,medium
3947,quick,medium
3948,gourmet,low
3949,health,high
3950,quick,high
3951,quick,low
3952,quick,low
3953,health,low
3954,gourmet,low
3955,random,low
3956,quick,high
3957,random,medium
3958,gourmet,medium
3959,random,low
3960,gourmet,medium
3961,random,low
3962,random,medium
3963,quick,low
3964,quick,medium
3965,gourmet,low
3966,gourmet,medium
3967,random,low
3968,random,high
3969,health,low
3970,health,low
3971,quick,high
3972,quick,medium
3973,gourmet,high
3974,gourmet,high
3975,gourmet,medium
3976,random,medium
3977,random,high
3978,random,medium
3979,gourmet,medium
3980,health,medium
3981,health,low
3982,health,low
3983,gourmet,medium
3984,gourmet,medium
3985,random,low
3986,gourmet,medium
3987,health,low
3988,quick,low
3989,health,low
3990,quick,high
3991,gourmet,medium
3992,quick,medium
3993,health,low
3994,gourmet,low
3995,health,medium
3996,random,low
3997,gourmet,high
3998,gourmet,low
3999,quick,low
4000,quick,low
4001,random,high
4002,random,high
4003,random,high
4004,gourmet,low
4005,random,high
4006,health,low
4007,random,high
4008,random,high
4009,random,medium
4010,quick,medium
4011,gourmet,low
4012,health,low
4013,quick,medium
4014,random,high
4015,health,medium
4016,random,medium
4017,quick,medium
4018,health,medium
4019,random,medium
4020,quick,low
4021,quick,high
4022,gourmet,high
4023,health,high
4024,gourmet,low
4025,gourmet,medium
4026,gourmet,medium
4027,random,medium
4028,quick,low
4029,health,low
4030,gourmet,low
4031,health,high
4032,gourmet,low
4033,quick,medium
4034,quick,high
4035,random,medium
4036,health,medium
4037,gourmet,high
4038,quick,medium
4039,quick,low
4040,random,medium
4041,random,medium
4042,health,low
4043,gourmet,medium
4044,quick,medium
4045,random,medium
4046,random,medium
4047,random,medium
4048,health,medium
4049,health,medium
4050,health,medium
4051,quick,high
4052,quick,high
4053,random,medium
4054,quick,low
4055,quick,low
4056,random,medium
4057,random,low
4058,health,low
4059,gourmet,high
4060,health,high
4061,health,low
4062,gourmet,low
4063,quick,medium
4064,gourmet,medium
4065,random,low
4066,gourmet,medium
4067,random,medium
4068,gourmet,medium
4069,random,medium
4070,random,low
4071,random,low
4072,quick,medium
4073,quick,medium
4074,health,medium
4075,gourmet,high
4076,quick,medium
4077,gourmet,medium
4078,health,medium
4079,quick,medium
4080,random,medium
4081,random,medium
4082,health,high
4083,health,medium
4084,gourmet,medium
4085,health,high
4086,health,medium
4087,gourmet,low
4088,random,medium
4089,random,high
4090,health,medium
4091,gourmet,low
4092,random,low
4093,gourmet,low
4094,health,high
4095,random,medium
4096,health,medium
4097,health,medium
4098,random,low
4099,gourmet,medium
4100,health,medium
4101,random,medium
4102,quick,medium
4103,health,high
4104,health,low
4105,health,medium
4106,quick,high
4107,gourmet,medium
4108,health,medium
4109,quick,medium
4110,quick,low
4111,quick,low
4112,health,medium
4113,health,low
4114,health,high
4115,random,medium
4116,gourmet,low
4117,random,low
4118,health,low
4119,quick,low
4120,gourmet,high
4121,gourmet,high
4122,quick,high
4123,gourmet,medium
4124,random,low
4125,quick,high
4126,quick,medium
4127,gourmet,high
4128,gourmet,high
4129,random,low
4130,health,medium
4131,gourmet,medium
4132,gourmet,high
4133,gourmet,medium
4134,random,high
4135,random,low
4136,quick,medium
4137,health,low
4138,random,high
4139,quick,low
4140,random,high
4141,gourmet,medium
4142,random,low
4143,quick,high
4144,quick,high
4145,random,low
4146,gourmet,medium
4147,random,medium
4148,health,medium
4149,quick,high
4150,gourmet,low
4151,quick,medium
4152,random,low
4153,health,medium
4154,quick,low
4155,random,medium
4156,health,medium
4157,health,low
4158,random,medium
4159,gourmet,medium
4160,quick,low
4161,health,medium
4162,gourmet,medium
4163,random,low
4164,health,medium
4165,gourmet,high
4166,health,medium
4167,quick,medium
4168,random,low
4169,gourmet,medium
4170,random,high
4171,random,low
4172,gourmet,medium
4173,quick,medium
4174,random,medium
4175,random,low
4176,quick,high
4177,quick,medium
4178,quick,low
4179,quick,medium
4180,random,low
4181,random,medium
4182,quick,medium
4183,gourmet,medium
4184,random,medium
4185,random,medium
4186,health,high
4187,gourmet,medium
4188,gourmet,medium
4189,random,medium
4190,quick,medium
4191,gourmet,low
4192,gourmet,low
4193,gourmet,low
4194,gourmet,medium
4195,gourmet,low
4196,health,medium
4197,quick,medium
4198,gourmet,high
4199,health,medium
4200,gourmet,high
4201,random,high
4202,gourmet,medium
4203,health,low
4204,random,medium
4205,random,high
4206,gourmet,low
4207,random,medium
4208,health,medium
4209,health,medium
4210,health,high
4211,random,medium
4212,random,low
4213,quick,low
4214,quick,low
4215,gourmet,high
4216,gourmet,low
4217,gourmet,high
4218,gourmet,low
4219,quick,low
4220,quick,low
4221,health,medium
4222,gourmet,low
4223,gourmet,low
4224,random,low
4225,random,medium
4226,quick,medium
4227,random,medium
4228,gourmet,low
4229,health,medium
4230,quick,low
4231,random,medium
4232,health,high
4233,quick,low
4234,health,medium
4235,health,low
4236,quick,low
4237,gourmet,medium
4238,gourmet,low
4239,gourmet,high
4240,health,medium
4241,random,medium
4242,random,medium
4243,gourmet,medium
4244,random,medium
4245,health,low
4246,quick,medium
4247,health,low
4248,gourmet,medium
4249,gourmet,medium
4250,quick,medium
4251,health,medium
4252,gourmet,medium
4253,gourmet,low
4254,health,medium
4255,health,medium
4256,gourmet,medium
4257,gourmet,medium
4258,health,low
4259,quick,medium
4260,gourmet,low
4261,gourmet,low
4262,gourmet,medium
4263,health,medium
4264,random,low
4265,random,medium
4266,random,high
4267,random,medium
4268,quick,medium
4269,quick,medium
4270,random,medium
4271,health,high
4272,random,medium
4273,quick,medium
4274,random,medium
4275,quick,low
4276,gourmet,medium
4277,gourmet,medium
4278,random,medium
4279,health,low
4280,health,medium
4281,random,low
4282,random,low
4283,health,high
4284,gourmet,low
4285,gourmet,high
4286,quick,high
4287,gourmet,low
4288,random,low
4289,quick,high
4290,gourmet,medium
4291,quick,medium
4292,quick,low
4293,random,medium
4294,quick,medium
4295,gourmet,high
4296,gourmet,medium
4297,random,low
4298,health,medium
4299,random,low
4300,quick,medium
4301,random,medium
4302,gourmet,medium
4303,quick,high
4304,random,medium
4305,health,medium
4306,quick,medium
4307,gourmet,high
4308,health,high
4309,random,medium
4310,random,low
4311,quick,medium
4312,gourmet,low
4313,health,medium
4314,health,medium
4315,quick,medium
4316,gourmet,medium
4317,gourmet,medium
4318,quick,low
4319,quick,medium
4320,gourmet,high
4321,random,medium
4322,random,medium
4323,health,low
4324,gourmet,high
4325,quick,high
4326,health,high
4327,health,medium
4328,random,low
4329,gourmet,high
4330,gourmet,low
4331,health,low
4332,gourmet,medium
4333,gourmet,high
4334,gourmet,high
4335,gourmet,medium
4336,random,medium
4337,health,medium
4338,health,low
4339,random,low
4340,random,medium
4341,health,low
4342,gourmet,low
4343,health,medium
4344,gourmet,high
4345,gourmet,low
4346,random,medium
4347,health,high
4348,quick,medium
4349,gourmet,medium
4350,gourmet,low
4351,health,medium
4352,quick,low
4353,health,medium
4354,health,medium
4355,gourmet,high
4356,gourmet,medium
4357,health,high
4358,gourmet,low
4359,gourmet,medium
4360,random,medium
4361,quick,high
4362,health,medium
4363,gourmet,low
4364,quick,medium
4365,health,low
4366,gourmet,low
4367,health,high
4368,health,medium
4369,gourmet,low
4370,gourmet,medium
4371,health,medium
4372,quick,low
4373,health,medium
4374,health,medium
4375,quick,medium
4376,health,medium
4377,gourmet,low
4378,gourmet,medium
4379,health,medium
4380,gourmet,high
4381,random,high
4382,gourmet,medium
4383,health,low
4384,gourmet,medium
4385,gourmet,medium
4386,quick,low
4387,gourmet,medium
4388,quick,medium
4389,random,medium
4390,gourmet,low
4391,random,medium
4392,health,medium
4393,quick,medium
4394,gourmet,medium
4395,health,medium
4396,quick,high
4397,health,low
4398,gourmet,high
4399,health,low
4400,health,medium
4401,quick,low
4402,random,high
4403,quick,medium
4404,random,high
4405,gourmet,medium
4406,quick,high
4407,random,low
4408,gourmet,high
4409,quick,medium
4410,random,low
4411,health,low
4412,random,low
4413,health,medium
4414,quick,medium
4415,health,medium
4416,quick,medium
4417,gourmet,low
4418,random,medium
4419,gourmet,medium
4420,gourmet,medium
4421,health,medium
4422,quick,medium
4423,gourmet,medium
4424,health,medium
4425,gourmet,low
4426,random,high
4427,random,medium
4428,random,low
4429,quick,medium
4430,health,low
4431,quick,medium
4432,gourmet,medium
4433,health,medium
4434,health,medium
4435,gourmet,medium
4436,health,low
4437,gourmet,medium
4438,quick,medium
4439,gourmet,low
4440,quick,low
4441,random,medium
4442,random,low
4443,health,medium
4444,random,low
4445,gourmet,high
4446,gourmet,medium
4447,random,high
4448,quick,low
4449,random,medium
4450,random,low
4451,gourmet,high
4452,quick,high
4453,quick,medium
4454,gourmet,low
4455,gourmet,medium
4456,random,medium
4457,quick,medium
4458,health,medium
4459,random,low
4460,health,medium
4461,health,low
4462,health,medium
4463,quick,high
4464,gourmet,medium
4465,random,low
4466,gourmet,high
4467,quick,high
4468,gourmet,medium
4469,health,medium
4470,gourmet,medium
4471,gourmet,medium
4472,random,low
4473,health,medium
4474,health,low
4475,health,medium
4476,quick,medium
4477,random,medium
4478,health,low
4479,health,low
4480,random,medium
4481,health,low
4482,random,low
4483,health,medium
4484,health,medium
4485,health,low
4486,health,low
4487,quick,low
4488,quick,medium
4489,quick,low
4490,random,high
4491,quick,medium
4492,quick,low
4493,gourmet,medium
4494,gourmet,medium
4495,gourmet,medium
4496,health,medium
4497,random,low
4498,quick,high
4499,quick,low
4500,random,low
4501,health,low
4502,random,medium
4503,quick,low
4504,random,high
4505,gourmet,high
4506,random,medium
4507,gourmet,medium
4508,health,medium
4509,health,high
4510,gourmet,medium
4511,gourmet,medium
4512,health,medium
4513,quick,medium
4514,quick,high
4515,quick,low
4516,gourmet,low
4517,gourmet,medium
4518,quick,low
4519,random,medium
4520,quick,medium
4521,health,low
4522,gourmet,high
4523,gourmet,medium
4524,gourmet,low
4525,quick,medium
4526,random,low
4527,random,medium
4528,random,high
4529,gourmet,low
4530,health,medium
4531,random,medium
4532,random,medium
4533,gourmet,low
4534,quick,medium
4535,random,high
4536,health,medium
4537,quick,medium
4538,health,medium
4539,quick,high
4540,gourmet,medium
4541,quick,low
4542,gourmet,low
4543,random,high
4544,gourmet,medium
4545,random,low
4546,quick,high
4547,quick,medium
4548,quick,high
4549,quick,low
4550,gourmet,low
4551,gourmet,medium
4552,random,medium
4553,health,medium
4554,gourmet,high
4555,gourmet,low
4556,health,medium
4557,quick,medium
4558,gourmet,medium
4559,gourmet,high
4560,gourmet,medium
4561,health,medium
4562,random,medium
4563,health,medium
4564,health,medium
4565,random,medium
4566,gourmet,medium
4567,quick,medium
4568,health,low
4569,health,medium
4570,gourmet,low
4571,random,medium
4572,random,medium
4573,quick,medium
4574,health,medium
4575,random,medium
4576,quick,high
4577,random,medium
4578,quick,medium
4579,gourmet,medium
4580,quick,medium
4581,quick,low
4582,gourmet,medium
4583,health,low
4584,random,medium
4585,quick,medium
4586,gourmet,low
4587,random,low
4588,health,medium
4589,quick,low
4590,random,medium
4591,gourmet,medium
4592,quick,low
4593,gourmet,medium
4594,health,low
4595,random,medium
4596,gourmet,medium
4597,health,medium
4598,random,low
4599,gourmet,low
4600,quick,medium
4601,gourmet,low
4602,quick,medium
4603,health,low
4604,quick,low
4605,random,medium
4606,health,medium
4607,random,medium
4608,random,low
4609,random,low
4610,gourmet,medium
4611,quick,high
4612,gourmet,high
4613,random,low
4614,random,medium
4615,quick,low
4616,random,medium
4617,quick,low
4618,health,medium
4619,health,low
4620,gourmet,high
4621,random,medium
4622,random,medium
4623,health,low
4624,random,high
4625,health,medium
4626,random,low
4627,random,medium
4628,random,medium
4629,health,medium
4630,quick,high
4631,quick,low
4632,health,medium
4633,health,high
4634,random,low
4635,health,medium
4636,health,high
4637,random,low
4638,random,low
4639,quick,low
4640,gourmet,low
4641,random,low
4642,health,medium
4643,random,low
4644,health,low
4645,gourmet,low
4646,health,medium
4647,quick,medium
4648,quick,low
4649,quick,high
4650,gourmet,medium
4651,health,medium
4652,gourmet,low
4653,random,medium
4654,random,medium
4655,quick,medium
4656,gourmet,low
4657,health,medium
4658,quick,medium
4659,random,medium
4660,quick,medium
4661,quick,medium
4662,health,medium
4663,health,medium
4664,quick,high
4665,random,high
4666,gourmet,low
4667,quick,low
4668,gourmet,high
4669,gourmet,low
4670,gourmet,medium
4671,health,low
4672,quick,medium
4673,random,high
4674,gourmet,low
4675,gourmet,low
4676,gourmet,medium
4677,quick,medium
4678,gourmet,medium
4679,quick,high
4680,health,medium
4681,random,medium
4682,quick,high
4683,random,high
4684,quick,medium
4685,health,low
4686,random,medium
4687,gourmet,medium
4688,random,medium
4689,health,low
4690,random,medium
4691,health,low
4692,gourmet,medium
4693,random,low
4694,gourmet,high
4695,gourmet,low
4696,random,high
4697,gourmet,high
4698,gourmet,high
4699,random,low
4700,gourmet,medium
4701,quick,low
4702,health,low
4703,gourmet,low
4704,quick,medium
4705,gourmet,medium
4706,random,low
4707,quick,low
4708,gourmet,low
4709,health,medium
4710,random,medium
4711,random,medium
4712,health,medium
4713,gourmet,low
4714,gourmet,low
4715,random,medium
4716,random,high
4717,random,medium
4718,health,medium
4719,health,medium
4720,health,low
4721,random,medium
4722,quick,medium
4723,gourmet,low
4724,gourmet,medium
4725,quick,medium
4726,health,medium
4727,health,medium
4728,gourmet,medium
4729,health,medium
4730,random,high
4731,gourmet,low
4732,quick,medium
4733,gourmet,medium
4734,quick,medium
4735,gourmet,medium
4736,health,medium
4737,health,high
4738,quick,high
4739,gourmet,low
4740,random,high
4741,gourmet,medium
4742,health,medium
4743,gourmet,high
4744,random,medium
4745,gourmet,medium
4746,quick,medium
4747,random,medium
4748,random,low
4749,random,low
4750,health,high
4751,gourmet,medium
4752,health,medium
4753,health,medium
4754,health,medium
4755,random,high
4756,health,low
4757,quick,low
4758,gourmet,medium
4759,health,medium
4760,quick,low
4761,gourmet,low
4762,health,medium
4763,health,medium
4764,health,medium
4765,random,medium
4766,health,medium
4767,random,medium
4768,health,medium
4769,health,low
4770,gourmet,medium
4771,health,medium
4772,health,low
4773,random,low
4774,quick,medium
4775,random,low
4776,quick,medium
4777,health,medium
4778,random,high
4779,health,low
4780,random,medium
4781,quick,medium
4782,health,medium
4783,gourmet,medium
4784,health,high
4785,quick,low
4786,quick,low
4787,quick,medium
4788,random,high
4789,random,medium
4790,quick,medium
4791,health,high
4792,gourmet,low
4793,gourmet,medium
4794,random,high
4795,health,high
4796,health,low
4797,health,medium
4798,random,high
4799,random,low
4800,random,medium
4801,gourmet,medium
4802,quick,medium
4803,quick,low
4804,health,low
4805,random,low
4806,gourmet,medium
4807,random,low
4808,quick,medium
4809,health,medium
4810,random,high
4811,random,high
4812,gourmet,medium
4813,health,low
4814,gourmet,low
4815,quick,medium
4816,quick,medium
4817,gourmet,medium
4818,gourmet,medium
4819,gourmet,low
4820,random,low
4821,quick,medium
4822,health,low
4823,health,medium
4824,quick,low
4825,gourmet,low
4826,gourmet,medium
4827,gourmet,low
4828,quick,low
4829,random,high
4830,random,medium
4831,random,medium
4832,health,high
4833,health,high
4834,health,medium
4835,random,high
4836,random,high
4837,health,high
4838,health,medium
4839,random,medium
4840,gourmet,medium
4841,random,high
4842,quick,low
4843,health,medium
4844,quick,low
4845,quick,high
4846,gourmet,medium
4847,random,high
4848,gourmet,high
4849,quick,medium
4850,random,medium
4851,quick,high
4852,quick,medium
4853,quick,medium
4854,random,medium
4855,gourmet,medium
4856,random,medium
4857,quick,medium
4858,gourmet,low
4859,quick,medium
4860,health,medium
4861,health,medium
4862,health,medium
4863,health,low
4864,gourmet,medium
4865,random,low
4866,quick,low
4867,quick,medium
4868,quick,low
4869,quick,medium
4870,quick,low
4871,health,medium
4872,random,medium
4873,health,medium
4874,health,medium
4875,random,low
4876,health,medium
4877,gourmet,low
4878,quick,high
4879,gourmet,high
4880,health,medium
4881,random,low
4882,quick,medium
4883,random,high
4884,quick,high
4885,health,medium
4886,health,high
4887,random,low
4888,quick,medium
4889,health,medium
4890,random,medium
4891,random,low
4892,random,low
4893,random,medium
4894,gourmet,medium
4895,quick,low
4896,random,medium
4897,random,medium
4898,quick,low
4899,random,medium
4900,quick,medium
4901,random,medium
4902,quick,high
4903,random,medium
4904,quick,high
4905,random,medium
4906,health,medium
4907,quick,medium
4908,quick,high
4909,random,high
4910,random,low
4911,health,high
4912,quick,medium
4913,random,low
4914,quick,medium
4915,random,medium
4916,quick,medium
4917,quick,high
4918,random,low
4919,health,low
4920,health,high
4921,quick,medium
4922,random,medium
4923,random,medium
4924,quick,medium
4925,health,high
4926,random,high
4927,random,low
4928,health,medium
4929,quick,low
4930,gourmet,medium
4931,random,low
4932,gourmet,low
4933,gourmet,medium
4934,gourmet,medium
4935,quick,medium
4936,gourmet,medium
4937,quick,high
4938,gourmet,medium
4939,gourmet,medium
4940,quick,medium
4941,gourmet,high
4942,random,medium
4943,health,high
4944,health,low
4945,random,high
4946,quick,medium
4947,health,high
4948,random,high
4949,random,high
4950,random,high
4951,quick,medium
4952,quick,medium
4953,quick,low
4954,random,medium
4955,gourmet,low
4956,quick,high
4957,gourmet,low
4958,quick,medium
4959,random,low
4960,health,low
4961,random,medium
4962,health,medium
4963,random,low
4964,quick,medium
4965,quick,high
4966,quick,high
4967,gourmet,medium
4968,gourmet,medium
4969,gourmet,medium
4970,random,high
4971,gourmet,low
4972,quick,medium
4973,health,high
4974,health,high
4975,quick,medium
4976,quick,medium
4977,quick,medium
4978,gourmet,medium
4979,quick,medium
4980,health,low
4981,gourmet,high
4982,quick,medium
4983,gourmet,high
4984,gourmet,low
4985,random,low
4986,gourmet,low
4987,health,medium
4988,random,low
4989,gourmet,medium
4990,random,high
4991,quick,high
4992,gourmet,medium
4993,gourmet,medium
4994,health,medium
4995,quick,high
4996,random,low
4997,health,medium
4998,random,medium
4999,random,medium
5000,random,medium
